{
  "project_info": {
    "project_number": "450867978793",
    "firebase_url": "https://lazybazaar.firebaseio.com",
    "project_id": "lazybazaar",
    "storage_bucket": "lazybazaar.appspot.com"
  },
  "client": [
    {
      "client_info": {
        "mobilesdk_app_id": "1:450867978793:android:2201015959d217d0337238",
        "android_client_info": {
          "package_name": "com.example.lazybazaar"
        }
      },
      "oauth_client": [
        {
          "client_id": "450867978793-5ac4jon0ofi8omrk74tucka8pgcs4c9i.apps.googleusercontent.com",
          "client_type": 1,
          "android_info": {
            "package_name": "com.example.lazybazaar",
            "certificate_hash": "7b0cd826c0473a2846a62fda3b50b4859bb1d9bd"
          }
        },
        {
          "client_id": "450867978793-8b35uvgeevk2iu0sfgtljhrrpv0mnup4.apps.googleusercontent.com",
          "client_type": 3
        }
      ],
      "api_key": [
        {
          "current_key": "AIzaSyCtSn-Ip3BxI_M3FNPy8_vPR7aaht3gpVk"
        }
      ],
      "services": {
        "appinvite_service": {
          "other_platform_oauth_client": [
            {
              "client_id": "450867978793-8b35uvgeevk2iu0sfgtljhrrpv0mnup4.apps.googleusercontent.com",
              "client_type": 3
            }
          ]
        }
      }
    }
  ],
  "configuration_version": "1"
}